[ec2-user@ip-10-1-10-70 ~]$ mysql -h udacity.cx6suqmoelt1.us-east-1.rds.amazonaws.com -u admin -p
Enter password:
Welcome to the MariaDB monitor.  Commands end with ; or \g.
Your MySQL connection id is 47
Server version: 8.0.28 Source distribution

Copyright (c) 2000, 2018, Oracle, MariaDB Corporation Ab and others.

Type 'help;' or '\h' for help. Type '\c' to clear the current input statement.

MySQL [(none)]> show databases;
+--------------------+
| Database           |
+--------------------+
| information_schema |
| mysql              |
| performance_schema |
| sys                |
| udacity            |
+--------------------+
5 rows in set (0.01 sec)
MySQL [(none)]>
MySQL [(none)]> use udacity;
Database changed
MySQL [udacity]> CREATE TABLE checks (id INT NOT NULL AUTO_INCREMENT PRIMARY KEY, user VARCHAR(20) NOT NULL);
Query OK, 0 rows affected (0.07 sec)

MySQL [udacity]> INSERT INTO checks(user) VALUES('Thanh Long');
Query OK, 1 row affected (0.01 sec)

MySQL [udacity]> select * from checks
    -> select * from checks
    -> select * from checks;
ERROR 1064 (42000): You have an error in your SQL syntax; check the manual that corresponds to your MySQL server version for the right syntax to use near 'select * from checks
select * from checks' at line 2
MySQL [udacity]> select * from checks;
+----+------------+
| id | user       |
+----+------------+
|  1 | Thanh Long |
+----+------------+
1 row in set (0.00 sec)